{
  "installed": {
    "client_id": "551509829631-t70k0drtuud5v4v6aonersp9p05e55jq.apps.googleusercontent.com",
    "project_id": "versatile-topic-347709",
    "auth_uri": "https://accounts.google.com/o/oauth2/auth",
    "token_uri": "https://oauth2.googleapis.com/token",
    "auth_provider_x509_cert_url": "https://www.googleapis.com/oauth2/v1/certs",
    "client_secret": "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",
    "redirect_uris": [
      "https://docs.google.com/spreadsheets"
    ]
  }
}